{
  "users": [
    {
      "nome": "Yuri Alberto",
      "email": "admin@gmail.com",
      "permissoes": "admin",
      "password": "123456",
      "id": 6
    },
    {
      "email": "vini@gmail.com",
      "password": "$2a$10$oTvkR47flibv9tNmSzcPG.MOjQfV0dJVjo7fPd4ogw8zxSKIrCpUe",
      "nome": "Vini Jr",
      "permissoes": "admin",
      "id": 7
    },
    {
      "email": "hugo@gmail.com",
      "password": "$2a$10$lX840snY5lfVc33YjtuP/eZU6QK.zRxwL5kWxl.MBlN69tVfUHhee",
      "nome": "Hugo Souza",
      "permissoes": "colaborador",
      "id": 8
    },
    {
      "nome": "Alexandre Aizono",
      "email": "alexandre@gmail.com",
      "permissoes": "admin",
      "password": "$2a$10$Fio1UrMso/e2WidtOxMFQudzpTxE88.Vtu0ogWNUIToIGI1Y6acwq",
      "id": 9
    },
    {
      "email": "renako@gmail.com",
      "password": "$2a$10$tJqvcDDgkFmhpLiYwBe5A.CbpeXUsZF/YfNsxfqP0Tj1D3dqx2rmy",
      "nome": "Renako",
      "permissoes": "colaborador",
      "id": 10
    }
  ]
}